{"a": {"clave": "0cc175b9c0f1b6a831c399e269772661", "nivel1": 0, "nivel2": 0, "nivel3": 0, "tiempo1": 0.7098441123962402, "tiempo2": 54.630210876464844, "tiempo3": 1000}, "leo": {"clave": "d077f244def8a70e5ea758bd8352fcd8", "nivel1": 1, "nivel2": 0, "nivel3": 0, "tiempo1": 55.7747700214386, "tiempo2": 1000, "tiempo3": 1000}, "manuel": {"clave": "5c443b2003676fa5e8966030ce3a86ea", "nivel1": 1, "nivel2": 1, "nivel3": 1, "tiempo1": 22.034866094589233, "tiempo2": 69.97048592567444, "tiempo3": 164.91245698928833}}